"id","text","label","notes","source","reddit_url"
"1","The reason The Sopranos works as a tragedy is that Tony never has a moment of genuine self-awareness. Every therapy session ends with him reframing his own cruelty as victimhood. The show earns its ambiguous ending because Tony has never actually changed.","analysis","","r/TrueFilm",""
"2","What makes Succession different from other prestige dramas is the camera work. The handheld style makes even the most absurd moments feel like documentary footage. You never get the distance that lets you laugh cleanly at these people.","analysis","","r/TrueFilm",""
"3","Breaking Bad structures its seasons like classical tragedy. Each one ends with Walter crossing a line he cannot uncross. The show is not about transformation it is about revelation. Walter was always this person.","analysis","","r/TrueFilm",""
"4","The Bear uses kitchen hierarchy as a metaphor for inherited trauma. Carmy cannot escape his fine dining background the same way he cannot escape his family. The restaurant is literally built inside his brothers old space.","analysis","","r/TrueFilm",""
"5","Mad Men is fundamentally about the gap between surface and interiority. Don Draper sells images for a living because he himself is an image. Every advertisement he writes is secretly about his own self-invention.","analysis","","r/TrueFilm",""
"6","Severance works because it literalizes the way modern workers are expected to split their identities. The sci-fi premise is just an honest version of what corporate culture already asks of people.","analysis","","r/TrueFilm",""
"7","The Wire refuses to let any institution look good because it understands that institutions protect themselves first. Every season introduces a new system and shows how each one absorbs and neutralizes reform.","analysis","","r/TrueFilm",""
"8","Fleabag breaks the fourth wall not as a gimmick but as a character trait. The asides to camera are how she avoids being present in her own life. When she stops doing it in season 2 it signals actual change.","analysis","","r/TrueFilm",""
"9","Ozark fails where Breaking Bad succeeds because Marty Byrde has no interiority. Walter Whites rationalizations are specific and revealing. Marty just looks stressed. The show mistakes plot momentum for character development.","analysis","","r/TrueFilm",""
"10","The finale of Six Feet Under works because it does what the whole series did. It uses death as a lens for life. Showing every characters death in sequence is not a trick. Its the thesis statement of the show.","analysis","","r/TrueFilm",""
"11","Atlanta is formally experimental in a way that serves the content. The surreal episodes are not random they represent Earns dissociation from a world that does not make sense to him as a Black man trying to succeed in it.","analysis","","r/TrueFilm",""
"12","Better Call Saul is a better show than Breaking Bad because it is more interested in moral ambiguity. Jimmy McGill wants to be good and keeps failing. Walter White wants to feel powerful and keeps succeeding. One is a tragedy the other is wish fulfillment.","analysis","","r/TrueFilm",""
"13","The Leftovers uses grief as its subject but apocalypse as its structure. The departure is never explained because unexplained loss is the point. The show is about how people construct meaning when meaning has been taken away.","analysis","","r/TrueFilm",""
"14","Andor works because it treats Star Wars as a political universe rather than a mythological one. Fascism in Andor looks like bureaucracy and compliance not cartoonish evil. That is far more frightening.","analysis","","r/TrueFilm",""
"15","Twin Peaks The Return is not really a TV show. It is a meditation on aging memory and the impossibility of returning to something you loved. Lynch uses the Dale Cooper character to explore what happens when nostalgia meets reality.","analysis","","r/TrueFilm",""
"16","The Crown is most interesting when it shows the monarchy as an institution that destroys its members. The people who are best at being royal are the ones who have suppressed their personalities most successfully.","analysis","","r/TrueFilm",""
"17","Chernobyl works as a drama because it is not really about the explosion. It is about what happens when a system that cannot admit failure encounters a catastrophic failure. The disaster is institutional before it is physical.","analysis","","r/TrueFilm",""
"18","What makes Station Eleven different from other post-apocalyptic shows is that it is not interested in survival mechanics. It is interested in what art means when everything else is gone. The Shakespeare troupe is the argument the show is making.","analysis","","r/TrueFilm",""
"19","Barry is a dark comedy that turns into a genuine thriller because it takes its premise seriously. A hitman trying to be an actor sounds like a joke setup. The show asks what it would actually cost someone to do that.","analysis","","r/TrueFilm",""
"20","The Americans is underrated because its tension is entirely internal. The most suspenseful scenes are not action sequences they are dinner table conversations where Philip is trying to hold himself together.","analysis","","r/TrueFilm",""
"21","Mindhunter uses procedural structure to make an argument about the relationship between understanding evil and being contaminated by it. Holden Ford becomes more effective at his job as he becomes less functional as a person.","analysis","","r/TrueFilm",""
"22","Deadwood is about the formation of civil society from pure selfishness. Al Swearengen is the most honest character in the show because he admits what everyone else is doing anyway. The town gets civilized by people with no interest in civilization.","analysis","","r/TrueFilm",""
"23","The Good Place is philosophically serious despite its premise. It does not just reference ethics it uses the plot to dramatize competing ethical frameworks. The show lands on a version of virtue ethics that it actually earns.","analysis","","r/TrueFilm",""
"24","True Detective season one works because Rust Cohle is wrong about everything and right about the crime. His nihilistic worldview makes him a good detective and a terrible person. The finale undermines his philosophy without resolving it neatly.","analysis","","r/TrueFilm",""
"25","Halt and Catch Fire is the best show about creativity in the television era. It understands that creative partnerships are inherently unstable. People inspire each other and exhaust each other at the same time.","analysis","","r/TrueFilm",""
"26","The Handmaids Tale lost its power when it stopped being about systems and started being about Junes personal journey. The first season works because Gilead is a machine. The later seasons reduce it to a backdrop for one womans escape plot.","analysis","","r/TrueFilm",""
"27","Watchmen 2019 is a genuinely political superhero story because it takes seriously the question of what masked vigilantism would actually mean in a racially stratified society. The Oklahoma setting roots the fantasy in real history.","analysis","","r/TrueFilm",""
"28","BoJack Horseman is most interesting in the episodes that break format. The silent underwater episode and the one-take party episode use television form to say things about depression that dialogue could not.","analysis","","r/TrueFilm",""
"29","The Knick is Soderbergh applying his film sensibility to television. The anachronistic score signals that the show is not trying to be a period piece. It is using 1900 medicine as a mirror for contemporary institutional failures.","analysis","","r/TrueFilm",""
"30","Normal People works because it trusts silence. The adaptation understands that what Connell and Marianne do not say is more important than what they say. The long pauses are not slow they are the content.","analysis","","r/TrueFilm",""
"31","Peaky Blinders became worse as it became more epic. The first series works because it is a small story about a family trying to move up. By the end it is a global conspiracy thriller that has forgotten what made Thomas Shelby interesting.","analysis","","r/TrueFilm",""
"32","The People v OJ Simpson is the best Ryan Murphy project because it has a real subject that constrains his excess. The formal experimentation serves the story instead of replacing it.","analysis","","r/TrueFilm",""
"33","I May Destroy You is the most formally sophisticated British drama of its era. Michaela Coel uses fractured chronology not as a mystery structure but as an accurate representation of how trauma disrupts memory and narrative.","analysis","","r/TrueFilm",""
"34","What We Do in the Shadows TV version works better than the film because serialization lets it develop the mundane side of immortality. The horror is that living forever means watching everything you know become kitsch.","analysis","","r/TrueFilm",""
"35","Slow Horses is the best spy show since The Americans because it is interested in the bureaucratic reality of intelligence work rather than the action fantasy. Jackson Lamb works because he is competent and completely unpleasant.","analysis","","r/TrueFilm",""
"36","Yellowjackets works in its first season because the parallel timelines create irony. We know something terrible happened which reframes everything in the past timeline. The show weakens when it tries to sustain mystery past the point where mystery is interesting.","analysis","","r/TrueFilm",""
"37","The Rehearsal is Nathan Fielder interrogating his own creative process. Every rehearsal he stages exposes something about his need for control and his difficulty with authentic connection. The show is genuinely disturbing because it takes his pathology seriously.","analysis","","r/TrueFilm",""
"38","Only Murders in the Building is a love letter to the podcast format that also understands the formats limitations. The show knows that true crime storytelling can aestheticize real suffering and it keeps poking at that.","analysis","","r/TrueFilm",""
"39","Mr Robot is the only show that used its unreliable narrator formally rather than as a twist. Elliots dissociation is not a reveal. It is the premise the show has been operating on from episode one.","analysis","","r/TrueFilm",""
"40","Interview with the Vampire AMC works because it commits to the queerness of the source material instead of coding it. Louis and Lestat as a genuinely toxic romantic relationship is more interesting than the subtext version.","analysis","","r/TrueFilm",""
"41","Pachinko is formally ambitious in a way most American streaming shows are not. The parallel timelines make an argument about how historical trauma passes through generations as both burden and resource.","analysis","","r/TrueFilm",""
"42","The Expanse is the best hard sci-fi television has produced because it takes its physics seriously and then asks what politics would look like in that physical reality. The Belter culture is the most convincing fictional society in recent genre TV.","analysis","","r/TrueFilm",""
"43","Successions series finale works because it refuses catharsis. Every character ends up exactly where they deserve to be based on who they are but the show does not let you feel good about it.","analysis","","r/TrueFilm",""
"44","House of the Dragon is more interesting than Game of Thrones at its peak because it is explicitly about institutional decline. Every character makes individually rational decisions that collectively destroy everything.","analysis","","r/TrueFilm",""
"45","The Last of Us works as an adaptation because it understands that the games emotional core is a relationship not a zombie narrative. Removing player agency actually clarifies what the story is about.","analysis","","r/TrueFilm",""
"46","Reservation Dogs is the quietest revolution in American television. It depicts Native life without making trauma the subject. The characters are funny and complicated and the show trusts them without explaining them to an outside audience.","analysis","","r/TrueFilm",""
"47","Dark is the most rigorous time travel narrative in television history. It does not use time travel for paradox jokes or reset buttons. Every loop is load-bearing and the show tracks its own logic across three seasons without cheating.","analysis","","r/TrueFilm",""
"48","Beef is the best exploration of Asian-American experience in the streaming era because it refuses to make that experience legible to a non-Asian audience. The show does not explain its characters. It inhabits them.","analysis","","r/TrueFilm",""
"49","Silo is more interesting than most dystopian shows because it is genuinely interested in epistemology. The question is not just who controls the silo but how you build knowledge in a system designed to suppress it.","analysis","","r/TrueFilm",""
"50","Shogun 2024 works because it treats its Japanese characters as the protagonists rather than as context for a Western observer. Previous adaptations of the novel centered the European. This one does not.","analysis","","r/TrueFilm",""
"51","Shrinking is the best new comedy of its year because it takes its therapeutic premise seriously rather than using it for jokes. Jimmys bad therapy is genuinely harmful and the show tracks those consequences.","analysis","","r/TrueFilm",""
"52","Andor understands that resistance movements are built by ordinary people making small choices under pressure. The heist episode works because it shows the logistics of rebellion not just the glory.","analysis","","r/TrueFilm",""
"53","Poker Face is the best procedural in years because it earns its inverted mystery structure. We see the crime first because the show is interested in how the protagonist reads people not in whodunit suspense.","analysis","","r/TrueFilm",""
"54","White Lotus season two is a better constructed drama than season one because it knows what it is arguing. The thesis is about how wealthy people use beauty to avoid accountability. Every plot thread serves that.","analysis","","r/TrueFilm",""
"55","The Penguin commits to being a crime drama that happens to have comic book characters rather than a comic book show that tries drama. That distinction matters and very few superhero shows understand it.","analysis","","r/TrueFilm",""
"56","Shogun 2024 is formally interesting because it refuses to provide a Western character as audience surrogate for most of its runtime. You have to orient yourself the same way Blackthorne does.","analysis","","r/TrueFilm",""
"57","The Diplomat works because the lead character is professionally competent and personally chaotic in ways that are related rather than contrasted. Most political dramas keep those things separate.","analysis","","r/TrueFilm",""
"58","Bodies on Netflix is formally clever but thematically underdeveloped. The four timelines create genuine intrigue but the resolution sacrifices complexity for neatness. A show about cyclical history should not end with a clean break.","analysis","","r/TrueFilm",""
"59","The English is a western that uses genre conventions to make an argument about imperialism that the genre usually suppresses. The lead represents exactly the kind of entitled violence that frontier mythology romanticizes.","analysis","","r/TrueFilm",""
"60","Succession is fundamentally a show about how money insulates people from consequences. Every character arc is shaped by the degree to which wealth allows them to avoid accountability for who they are.","analysis","","r/TrueFilm",""
"61","The Last Kingdom takes seriously the contingency of history. Alfreds England is not inevitable. It is the product of specific decisions made under pressure by people who could have made different ones.","analysis","","r/TrueFilm",""
"62","Atlanta uses genre switching as a formal strategy rather than a stylistic quirk. Each episode that departs from realism is exploring a dimension of the main characters experience that realism cannot access.","analysis","","r/TrueFilm",""
"63","Severance season one ends on the only image it could end on. A person trying to communicate across the boundary that defines them. The show is not really about corporate dystopia. It is about the parts of ourselves we cannot access.","analysis","","r/TrueFilm",""
"64","Silicon Valley is the sharpest satire of tech culture made for television. It understands that the ideology of disruption is indistinguishable from ordinary greed dressed in philosophical language.","analysis","","r/TrueFilm",""
"65","The Marvelous Mrs Maisel peaked in season one when it was a show about a woman discovering her voice in a world that did not want to hear it. By season four it was a show about a successful woman having adventures. Those are very different subjects.","analysis","","r/TrueFilm",""
"66","Nathan For You is a documentary about the gap between how business culture talks about itself and what it actually does. The absurdist schemes work because they apply business logic literally which reveals how arbitrary that logic is.","analysis","","r/TrueFilm",""
"67","Yellowjackets season two failed because it answered questions that were more interesting as questions. The wilderness survival plot worked because ambiguity about what was real made every scene unstable. Resolution killed that.","analysis","","r/TrueFilm",""
"68","The Rings of Power season one was visually magnificent and narratively incoherent. The Tolkien estate gave Amazon the appendices but not the rights to specific plot content which means the show had to invent its way to places Tolkien already mapped.","analysis","","r/TrueFilm",""
"69","Station Eleven is structurally unusual for a post-apocalyptic show in that the catastrophe is not the subject. The show is retrospective. It is about what the world before meant and what it is worth reconstructing.","analysis","","r/TrueFilm",""
"70","Fargo the TV series succeeds by understanding that the Coen Brothers films it is inspired by are not really about crime. They are about the collision between ordinary midwestern decency and violence that the world does not prepare you for.","analysis","","r/TrueFilm",""
"71","Just finished The Bear season two and I cannot move. That was the most stressful television I have ever watched.","reaction","","r/television",""
"72","I have been staring at my ceiling for an hour after that Succession finale. I do not know what to do with myself.","reaction","","r/television",""
"73","Cannot believe I slept on The Leftovers for so long. Just finished season two and I am destroyed.","reaction","","r/television",""
"74","The last episode of Fleabag season two absolutely wrecked me. I was not prepared for any of that.","reaction","","r/television",""
"75","Started Severance last night thinking it would be a chill watch. Did not sleep. Help.","reaction","","r/television",""
"76","Just got to the Red Wedding and I think I need to take a walk.","reaction","","r/television",""
"77","Three episodes into The Bear and my anxiety is through the roof. This show is incredible.","reaction","","r/television",""
"78","Finally watched Chernobyl. I knew how it ended and I was still shaking.","reaction","","r/television",""
"79","Finished Dark last week and I still have not fully processed it. That ending hit different.","reaction","","r/television",""
"80","The Beef finale had me pausing every five minutes just to breathe. What a show.","reaction","","r/television",""
"81","Watching Reservation Dogs for the first time and I keep having to stop because I am laughing too hard.","reaction","","r/television",""
"82","Just finished the last episode of Six Feet Under. Going to need a few days.","reaction","","r/television",""
"83","I cannot get over how good the Andor finale is. Watched it twice already.","reaction","","r/television",""
"84","Started Slow Horses expecting something decent. Four episodes in and I cannot stop.","reaction","","r/television",""
"85","The Rehearsal makes me so uncomfortable and I cannot stop watching. What is happening to me.","reaction","","r/television",""
"86","Just finished I May Destroy You and I do not have words. Just silence.","reaction","","r/television",""
"87","Stayed up until 3am finishing Mindhunter and now I am scared of everything. Worth it.","reaction","","r/television",""
"88","Cannot believe The Americans ended like that. Sat in silence for like twenty minutes.","reaction","","r/television",""
"89","Just watched the Ozymandias episode of Breaking Bad for the first time. Going to lie down.","reaction","","r/television",""
"90","Started Atlanta yesterday and I am obsessed. Why did no one tell me it was this good.","reaction","","r/television",""
"91","Finished all of Halt and Catch Fire in a week. Now I have a hole in my life.","reaction","","r/television",""
"92","Just got to the finale of The Good Place and I am unexpectedly emotional. This show snuck up on me.","reaction","","r/television",""
"93","Watching Deadwood for the first time in 2024 and I keep forgetting it is fifteen years old. It feels completely current.","reaction","","r/television",""
"94","Finished BoJack Horseman last night. First cartoon that has genuinely made me feel depressed in a meaningful way.","reaction","","r/television",""
"95","The White Lotus season two ending had me gasping out loud alone in my apartment at midnight.","reaction","","r/television",""
"96","Started Yellowjackets to see what the hype was about and lost an entire weekend. Not sorry.","reaction","","r/television",""
"97","Finished Mr Robot last month and I am still thinking about it daily. That show got into my head.","reaction","","r/television",""
"98","Just watched the pilot of The Wire on a recommendation. Started episode two immediately. Send help.","reaction","","r/television",""
"99","I watched the hospital episode of The Bear twice in one day because I could not believe what I had just seen.","reaction","","r/television",""
"100","Cannot stop thinking about the last scene of True Detective season one. The stars are right.","reaction","","r/television",""
"101","Three seasons of The Expanse in and I am evangelizing it to everyone I know. This is the sci-fi show.","reaction","","r/television",""
"102","Finished Normal People last night. Needed to call someone immediately but it was too late. So I just sat there.","reaction","","r/television",""
"103","The Pachinko finale gutted me. I did not expect to be this affected by a streaming show.","reaction","","r/television",""
"104","Started Interview with the Vampire AMC at midnight. Did not realize it was 4am until I finished the episode.","reaction","","r/television",""
"105","Caught up on all of Beef in one day and now I have no personality.","reaction","","r/television",""
"106","Watched the pilot of Poker Face and immediately cancelled my evening plans to keep watching.","reaction","","r/television",""
"107","Finished House of the Dragon season two and I genuinely could not sleep. The last two episodes broke something in me.","reaction","","r/television",""
"108","Just saw the ending of the Watchmen HBO series. Stared at the credits for five minutes.","reaction","","r/television",""
"109","Started Shrinking expecting fluff and cried in episode two. Did not see that coming.","reaction","","r/television",""
"110","Cannot believe no one told me how good The Diplomat is. Finished it in two days.","reaction","","r/television",""
"111","The Twin Peaks Return ending made me feel like I was losing my mind and I loved it.","reaction","","r/television",""
"112","Finally watched Fleabag after everyone telling me to. Now I am one of those people telling everyone to watch Fleabag.","reaction","","r/television",""
"113","Just finished Patriot on Amazon. I feel like I discovered something secret. Why does no one talk about this show.","reaction","","r/television",""
"114","Finished The Last of Us and cried twice. Once in episode three. Once at the end. I was not ready.","reaction","","r/television",""
"115","Started Andor expecting Star Wars content and got a genuinely great political drama. What.","reaction","","r/television",""
"116","Just watched the pilot of Succession and I think this might be the best cast ensemble I have ever seen.","reaction","","r/television",""
"117","Finished all of Dark in a week. My brain is completely broken. Someone help me.","reaction","","r/television",""
"118","The Silo finale had me genuinely distressed. I need season two immediately.","reaction","","r/television",""
"119","Watched the Shogun 2024 finale and felt genuinely moved in a way I did not expect from a prestige drama remake.","reaction","","r/television",""
"120","Just got through all of Mindhunter and I am annoyed it got cancelled. I need to know what happens.","reaction","","r/television",""
"121","Reservation Dogs season three made me laugh and cry in the same episode three times. What a show.","reaction","","r/television",""
"122","Started The Rehearsal expecting a comedy and got something that made me question my sense of reality.","reaction","","r/television",""
"123","Cannot get the Barry finale out of my head. That was a legitimately shocking ending.","reaction","","r/television",""
"124","Just finished The Knick and I am sad there are only two seasons. I wanted to live in that world forever.","reaction","","r/television",""
"125","Watching Succession for the first time in 2024 and I keep forgetting it is not a documentary.","reaction","","r/television",""
"126","The Good Place finale made me cry and I do not think I cry at television. What did this show do to me.","reaction","","r/television",""
"127","Started The Americans because of a recommendation and lost two weeks of my life. No regrets.","reaction","","r/television",""
"128","Finished Deadwood the Movie and felt actual grief that this world is over. That is the mark of good fiction.","reaction","","r/television",""
"129","Just finished the Chernobyl miniseries. I feel like I learned something important and horrible at the same time.","reaction","","r/television",""
"130","The Andor season one finale is the best single episode of television this decade. I said what I said.","reaction","","r/television",""
"131","Watched the last episode of Six Feet Under with my roommate and we both sat in silence for ten minutes.","reaction","","r/television",""
"132","Three episodes into The Bear and I had to pause and make a cup of tea to calm down. Television should not be this intense.","reaction","","r/television",""
"133","Just finished Normal People. I keep thinking about the last scene. I do not know what to do with that.","reaction","","r/television",""
"134","Started Beef expecting something fine and got something genuinely great. I love being wrong about shows.","reaction","","r/television",""
"135","Just watched the pilot of Dark and I am scared I am not smart enough to follow this show.","reaction","","r/television",""
"136","Cannot stop thinking about the Severance season one finale. That image is going to stay with me.","reaction","","r/television",""
"137","Just finished I May Destroy You and I think it is the best piece of television I have ever seen. Full stop.","reaction","","r/television",""
"138","The Leftovers season two is the best season of television ever made and I will not be taking questions.","reaction","","r/television",""
"139","Finished all of Halt and Catch Fire and now nothing feels as good. That show permanently raised my standards.","reaction","","r/television",""
"140","Just saw the Barry series finale and I have been processing it for three days. I do not think I am done.","reaction","","r/television",""
"141","Breaking Bad is the most overrated prestige drama of the last twenty years. Better Call Saul is a better show in every measurable way.","hot_take","","r/television",""
"142","Game of Thrones season eight is fine. The ending is exactly what the story was heading toward and people just did not like it.","hot_take","","r/television",""
"143","The Wire is not the best show ever made. It is a very good show that became a personality type for a certain kind of TV fan.","hot_take","","r/television",""
"144","The Sopranos finale is a cop-out. The ambiguity is not earned depth it is the writers refusing to commit.","hot_take","","r/television",""
"145","Succession is a show about unlikeable people doing unlikeable things for four seasons and calling it profound.","hot_take","","r/television",""
"146","The Bear is extremely well made television that has nothing to say. Beautiful technique in service of vibes.","hot_take","","r/television",""
"147","Mad Men peaked in season three and the rest of the show is repetitive wheel-spinning dressed up as profundity.","hot_take","","r/television",""
"148","True Detective has never been as good as season one and season one is mostly just Matthew McConaughey delivering monologues.","hot_take","","r/television",""
"149","The Leftovers is deeply self-indulgent prestige sadness that mistakes being grim for being serious.","hot_take","","r/television",""
"150","Fleabag is good but it is not the masterpiece people pretend it is. Phoebe Waller-Bridge is charming and the show gets credit for that.","hot_take","","r/television",""
"151","Andor is the only good Star Wars content in a decade and it succeeds by ignoring everything that makes Star Wars Star Wars.","hot_take","","r/television",""
"152","Prestige TV peaked around 2015 and everything since has been diminishing returns. We are not in a golden age anymore.","hot_take","","r/television",""
"153","The Last of Us is a competent adaptation of a good video game and nothing more. It adds nothing.","hot_take","","r/television",""
"154","Slow Horses is the most overrated spy show in years. Competent is not the same as great.","hot_take","","r/television",""
"155","Normal People is two attractive people being unnecessarily sad for six episodes.","hot_take","","r/television",""
"156","White Lotus is a show for people who want to feel smarter than the characters they are watching.","hot_take","","r/television",""
"157","Yellowjackets is Lost with better casting and worse plotting. Same fundamental problem with mystery boxes and no payoff.","hot_take","","r/television",""
"158","The Rings of Power looks incredible and is deeply boring. Amazon paid a billion dollars to make the most expensive furniture commercial ever made.","hot_take","","r/television",""
"159","Dark is a show that mistakes complexity for depth. It is very complicated. It is not very moving.","hot_take","","r/television",""
"160","Peaky Blinders becomes worse television every season and people keep watching because they remember how good season one was.","hot_take","","r/television",""
"161","Mindhunter is a great show that is fundamentally about two boring men becoming slightly less boring over two seasons.","hot_take","","r/television",""
"162","Atlanta is the most overrated show of its decade. Glover is talented and the show is inconsistent and gets a pass because of his reputation.","hot_take","","r/television",""
"163","The Good Place is a sitcom with a philosophy degree not a philosophical show. The distinction matters.","hot_take","","r/television",""
"164","Barry is very funny and very violent and people read more meaning into it than is actually there.","hot_take","","r/television",""
"165","Watchmen HBO is a prestige liberal fantasy that mistakes having politics for being politically serious.","hot_take","","r/television",""
"166","Station Eleven is an extremely good looking show about nothing. Post-apocalyptic Hallmark.","hot_take","","r/television",""
"167","The Americans is the best show most people have not seen and it deserves to be more famous than it is.","hot_take","","r/television",""
"168","Ted Lasso is the most aggressively inoffensive television of the streaming era. It is fine.","hot_take","","r/television",""
"169","House of the Dragon is better than Game of Thrones ever was because it is not trying to be for everyone.","hot_take","","r/television",""
"170","Euphoria is a very expensive music video that has convinced its audience it is a drama.","hot_take","","r/television",""
"171","Only Murders in the Building outstayed its welcome by two seasons.","hot_take","","r/television",""
"172","The Crown becomes less interesting the closer it gets to the present because we already know what happened.","hot_take","","r/television",""
"173","Stranger Things is a nostalgia delivery system dressed as science fiction.","hot_take","","r/television",""
"174","The Handmaids Tale should have ended after one season. Everything after is torture porn dressed as feminist commentary.","hot_take","","r/television",""
"175","Ozark is Breaking Bad for people who found Breaking Bad too subtle.","hot_take","","r/television",""
"176","Yellowstone is a soap opera for people who think they are too serious for soap operas.","hot_take","","r/television",""
"177","Sex Education is the best teen show since Freaks and Geeks and nobody gives it that credit.","hot_take","","r/television",""
"178","Succession ends perfectly and anyone who wanted something different misunderstood what the show was about.","hot_take","","r/television",""
"179","Better Call Saul surpassed its parent show by season three. Breaking Bad is good with a legendary ending. BCS is great throughout.","hot_take","","r/television",""
"180","The Expanse is the most underrated prestige show of its era. If it had been on HBO it would be discussed the way The Wire is.","hot_take","","r/television",""
"181","The Sopranos is the greatest television show ever made and this is not a controversial opinion it is just correct.","hot_take","","r/television",""
"182","I May Destroy You is the most important piece of British television in the last decade and it is underrecognized because it makes people uncomfortable.","hot_take","","r/television",""
"183","Reservation Dogs is quietly one of the best comedies of the streaming era and the discourse around it is nowhere near big enough.","hot_take","","r/television",""
"184","Halt and Catch Fire is the most underseen great show of its era. Four seasons of genuinely good television that nobody watched.","hot_take","","r/television",""
"185","BoJack Horseman is the most emotionally honest show about depression and addiction in television history and it is a cartoon about a horse.","hot_take","","r/television",""
"186","The Rehearsal is Nathan Fielders masterpiece and one of the strangest and most interesting things on television.","hot_take","","r/television",""
"187","Deadwood remains the best written show in television history and nothing from the streaming era has touched its dialogue.","hot_take","","r/television",""
"188","Black Mirror has one great season and six diminishing returns.","hot_take","","r/television",""
"189","Fargo is more consistent than the Coen Brothers films it is inspired by. Three great seasons and one bad one is a better record than the filmography.","hot_take","","r/television",""
"190","Mr Robot is the most underrated drama of the 2010s. It did things with television form that nobody else tried.","hot_take","","r/television",""
"191","The Last Kingdom is better historical drama than Vikings and most of what Netflix has tried in the genre.","hot_take","","r/television",""
"192","Silo is the best sci-fi show Apple has produced and it is not particularly close.","hot_take","","r/television",""
"193","The Diplomat is more fun than anything Netflix has made in years.","hot_take","","r/television",""
"194","Poker Face is the best new procedural since the genre was declared dead.","hot_take","","r/television",""
"195","Pachinko deserved every award it was nominated for and more.","hot_take","","r/television",""
"196","Dark is the best European export in the Netflix era and the dubbing discourse is a cope for people who do not want to read subtitles.","hot_take","","r/television",""
"197","The Marvelous Mrs Maisel has the best pilot of any Amazon show and the most uneven run of subsequent seasons.","hot_take","","r/television",""
"198","Shrinking is a better comedy about therapy than any prestige show that has tried the same subject seriously.","hot_take","","r/television",""
"199","The English is the best western Netflix has produced and nobody watched it.","hot_take","","r/television",""
"200","Shogun 2024 is better than the original and I will die on this hill.","hot_take","","r/television",""
"201","Twin Peaks The Return is the best television of the 2010s and if you bounced off it that says more about your patience than its quality.","hot_take","","r/television",""
"202","Silicon Valley is the sharpest satire of tech culture ever made for television and it ages better every year.","hot_take","","r/television",""
"203","The Idol was not as bad as the reviews said. Provocative and confused is more interesting than safe and competent.","hot_take","","r/television",""
"204","Succession is four seasons of people failing upward and the show wants you to find that tragic. I just find it boring.","hot_take","","r/television",""
"205","Andor season one set an impossible standard for everything that follows in the Star Wars universe and nothing will clear that bar.","hot_take","","r/television",""
"206","Beef is a good show that became overrated through social media hype. Solid A minus not the masterpiece people claim.","hot_take","","r/television",""
"207","The Wire seasons four and five are where it loses me. The newspaper plotline is self-indulgent and the show knows it.","hot_take","","r/television",""
"208","Emily in Paris is more self-aware than it gets credit for and critics are too embarrassed to admit they enjoy it.","hot_take","","r/television",""
"209","Only Murders in the Building is the most purely enjoyable show on streaming and people underrate it for not being serious.","hot_take","","r/television",""
"210","The Penguin is better than anything the DCEU has produced at feature length. Television saved that IP.","hot_take","","r/television",""
